Iteration No.,Objective,Segmentation,Absolute Error,Relative Error,Total Violation,State Violation,Control Violation,Obstacles Violation,Total Time,Iter. Time
8,28.626413068354495,[36],0.007650393820527498,2.94389951132797,0.008531000289955104,0.0009200187733542123,0.0014740149563552349,0.006136966560245657,210.85140085220337,46.26331353187561
