Iteration No.,Objective,Segmentation,Absolute Error,Relative Error,Total Violation,State Violation,Control Violation,Obstacles Violation,Total Time,Iter. Time
4,22.64150234065189,[15 15 15 15 15 18 15 15 15 15 15 18],0.0074422035174275415,3.2021345998121973,0.00020978699417213584,8.112216515296602e-05,0.0,0.00012866482901916981,1576.182859659195,484.51662945747375
