Iteration No.,Objective,Segmentation,Absolute Error,Relative Error,Total Violation,State Violation,Control Violation,Obstacles Violation,Total Time,Iter. Time
5,16.116317150424713,[15 15 15 15 15 15 15],0.004731313649574064,3.5568210095978627,0.045642670202952984,0.0033027445761098857,0.00024333716130871217,0.042096588465534386,351.79195499420166,179.76098537445068
