Iteration No.,Objective,Segmentation,Absolute Error,Relative Error,Total Violation,State Violation,Control Violation,Obstacles Violation,Total Time,Iter. Time
3,34.75700942658653,[15 15 15 15 15 15 15 15 15 15 15 15 15],0.003453802598073847,2.452315335942727,0.02684909289593794,0.0001168291778433004,4.823688810900369e-05,0.026684026829985635,688.5703670978546,572.6780683994293
