Iteration No.,Objective,Segmentation,Absolute Error,Relative Error,Total Violation,State Violation,Control Violation,Obstacles Violation,Total Time,Iter. Time
16,46.935406474235364,"[15 15 15 15 15 15 15 15 15 15 15 15 15 15 15 15 15 15 15 15 15 15 15 15
 15 15 15 15 15 15 15 15 15 15 15 15]",0.002427961724957603,3.887537418825688,0.00039247120198982924,0.00035751737065349207,1.659176637752469e-05,1.8362064958812473e-05,6549.621997117996,752.4912831783295
