Iteration No.,Objective,Segmentation,Absolute Error,Relative Error,Total Violation,State Violation,Control Violation,Obstacles Violation,Total Time,Iter. Time
2,27.167097188550585,[18],0.008198730867141756,2.12260673575292,0.016816250525193366,2.773762385898924e-10,0.0034554237229056893,0.013360826524911436,22.564456462860107,11.189444303512573
