Iteration No.,Objective,Segmentation,Absolute Error,Relative Error,Total Violation,State Violation,Control Violation,Obstacles Violation,Total Time,Iter. Time
2,21.005862847050754,[15 15 15],0.0053770429877552095,3.8168274405516,0.0028306884365785112,8.145491329831446e-10,0.00081638055223744,0.002014307069791938,111.06515765190125,96.39317655563354
