Iteration No.,Objective,Segmentation,Absolute Error,Relative Error,Total Violation,State Violation,Control Violation,Obstacles Violation,Total Time,Iter. Time
3,19.476907026363182,[18 15 15 15 15],0.008482553482077904,3.4750013758901703,0.03594888956665289,0.00032606922071428974,0.0,0.0356228203459386,252.05468010902405,139.46023988723755
