Iteration No.,Objective,Segmentation,Absolute Error,Relative Error,Total Violation,State Violation,Control Violation,Obstacles Violation,Total Time,Iter. Time
3,14.449973706795896,[15 15 15 15 15 15],0.007854827191727748,3.1151526620570262,0.006865917398452864,1.4369570833678563e-12,0.0008138201255916374,0.0060520972714242696,248.24655318260193,157.00336360931396
