Iteration No.,Objective,Segmentation,Absolute Error,Relative Error,Total Violation,State Violation,Control Violation,Obstacles Violation,Total Time,Iter. Time
2,16.77276769940759,[15 15 15 15],0.003287451191510911,3.017373352250592,0.015125497222835446,6.287670702063202e-11,3.5170577223165556e-06,0.015121980102236423,142.0501492023468,131.9736144542694
