Iteration No.,Objective,Segmentation,Absolute Error,Relative Error,Total Violation,State Violation,Control Violation,Obstacles Violation,Total Time,Iter. Time
7,41.189126256478076,[33],0.009997565825887088,3.1217716504320823,0.006357443184385513,0.0010775952551429807,0.0022920123957308252,0.0029878355335117074,115.08053684234619,25.149107694625854
