Iteration No.,Objective,Segmentation,Absolute Error,Relative Error,Total Violation,State Violation,Control Violation,Obstacles Violation,Total Time,Iter. Time
2,17.04413923855932,[15 15 15 15 15 15 15 15],0.007689130310003995,3.5703702992143893,0.004027495589021992,1.6330759138525163e-15,0.0007725032676155712,0.0032549923214047877,474.94749450683594,253.71670627593994
