Iteration No.,Objective,Segmentation,Absolute Error,Relative Error,Total Violation,State Violation,Control Violation,Obstacles Violation,Total Time,Iter. Time
1,15.594434529043316,[15 15 15 15],0.009297514230852252,3.156136941565063,0.048055420931383194,6.83514693164321e-10,9.421689777687307e-05,0.04796120335009163,91.7461359500885,91.11437654495239
