Iteration No.,Objective,Segmentation,Absolute Error,Relative Error,Total Violation,State Violation,Control Violation,Obstacles Violation,Total Time,Iter. Time
4,17.698380741386288,[15 15 15 15],0.004384481319561198,4.376607954031177,0.000597612357574555,2.097665874870019e-06,0.0002579295537715805,0.0003375851379281045,199.43644261360168,142.6406717300415
