Iteration No.,Objective,Segmentation,Absolute Error,Relative Error,Total Violation,State Violation,Control Violation,Obstacles Violation,Total Time,Iter. Time
8,30.342639890608183,[15 15 15 18 18 15],0.007873131061411328,2.825386774279581,0.004711682624213717,0.001292906173621659,4.645192381512704e-05,0.0033723245267769306,1005.0823812484741,295.544109582901
