Iteration No.,Objective,Segmentation,Absolute Error,Relative Error,Total Violation,State Violation,Control Violation,Obstacles Violation,Total Time,Iter. Time
6,28.874389069917033,[30],0.009617851016882326,2.716481897470641,0.00902860540662066,0.0015070813955123435,0.0010155880356957857,0.006505935975412529,105.94795036315918,37.37044405937195
