Iteration No.,Objective,Segmentation,Absolute Error,Relative Error,Total Violation,State Violation,Control Violation,Obstacles Violation,Total Time,Iter. Time
4,17.212799413717157,[15 15 15 15 15 15 15],0.001969173381521435,3.185532447083912,0.01035052991744839,0.004637810208983644,1.0709937101895092e-08,0.005712708998527645,325.68535923957825,194.3898253440857
