Iteration No.,Objective,Segmentation,Absolute Error,Relative Error,Total Violation,State Violation,Control Violation,Obstacles Violation,Total Time,Iter. Time
6,39.70293447675292,[15 15 15 15 15 15 15 15 15],0.0070349308289815,3.228321789944876,0.021438672831507494,0.006874879886964948,8.863873870328158e-05,0.014475154205839263,691.3386254310608,250.0720567703247
