Iteration No.,Objective,Segmentation,Absolute Error,Relative Error,Total Violation,State Violation,Control Violation,Obstacles Violation,Total Time,Iter. Time
5,29.263065904446904,[27],0.008661573913958056,2.7297157620365646,0.00791234466745983,0.001588901824303123,0.00012526165695492762,0.00619818118620178,97.57314205169678,29.76723027229309
