Iteration No.,Objective,Segmentation,Absolute Error,Relative Error,Total Violation,State Violation,Control Violation,Obstacles Violation,Total Time,Iter. Time
5,29.687976460921192,[15 15 15 15 15 15 15 18 15 15 15 15 15 15 15 15 15],0.00508872610488641,4.07692745139367,0.02914110323807981,1.9626571169182413e-10,0.0,0.0291411030418141,2308.5603160858154,407.4674801826477
