Iteration No.,Objective,Segmentation,Absolute Error,Relative Error,Total Violation,State Violation,Control Violation,Obstacles Violation,Total Time,Iter. Time
3,12.741785524706849,[15 18 15 15 15 15 18 15],0.009412522371393426,3.2353322154172743,0.017126480026840106,3.846101091326845e-10,0.0017189615957982545,0.015407518046431744,657.8568143844604,258.07621574401855
