Iteration No.,Objective,Segmentation,Absolute Error,Relative Error,Total Violation,State Violation,Control Violation,Obstacles Violation,Total Time,Iter. Time
1,13.171675928973318,[15 15 15 15],0.0011701191388847178,2.7673751791588987,0.0430526415042178,0.0015940465222743863,2.5122828735094684e-06,0.041456082699069904,125.46098518371582,124.82210230827332
