Iteration No.,Objective,Segmentation,Absolute Error,Relative Error,Total Violation,State Violation,Control Violation,Obstacles Violation,Total Time,Iter. Time
6,44.226072154383026,[30],0.004161513282330889,1.7765019222476295,0.0054744696031941,0.0017719468144560462,1.6816234576041943e-05,0.003685706554162012,124.16771388053894,28.349069118499756
