Iteration No.,Objective,Segmentation,Absolute Error,Relative Error,Total Violation,State Violation,Control Violation,Obstacles Violation,Total Time,Iter. Time
5,40.80919667968409,[18 15 15 15 15 15 15],0.007361488107556081,3.696591566884412,0.005694372337933645,0.0006619016867304124,0.00010926289536707337,0.004923207755836159,381.9137511253357,199.57803988456726
