Iteration No.,Objective,Segmentation,Absolute Error,Relative Error,Total Violation,State Violation,Control Violation,Obstacles Violation,Total Time,Iter. Time
4,16.249417274491964,[18 18 18 18 15],0.0008930858227289806,3.1008912520213414,0.01403510998641004,0.0006614705637476538,4.669536447195284e-06,0.01336896988621519,509.3983721733093,274.41520714759827
