Iteration No.,Objective,Segmentation,Absolute Error,Relative Error,Total Violation,State Violation,Control Violation,Obstacles Violation,Total Time,Iter. Time
8,31.682079157768033,[36],0.009163461764017757,3.1755844627562406,0.005622542192253845,0.0010960890085588001,0.001221539200138672,0.003304913983556373,168.5829746723175,34.672069787979126
