Iteration No.,Objective,Segmentation,Absolute Error,Relative Error,Total Violation,State Violation,Control Violation,Obstacles Violation,Total Time,Iter. Time
7,27.07629450096938,[15 15 15 15 15 15 15 15 15 15 15 15 15 15 15 15 15 15 15 15 15 15 24],0.0037527570313485178,3.221365573281341,0.017070699293041978,0.001005055059261892,6.075707031829946e-06,0.016059568526748256,5547.626510858536,901.7915241718292
