Iteration No.,Objective,Segmentation,Absolute Error,Relative Error,Total Violation,State Violation,Control Violation,Obstacles Violation,Total Time,Iter. Time
8,40.73935043883079,[36],0.006631174114907897,3.7830352460875045,0.004268949086537609,0.001349573008644833,0.0006723797317498785,0.002246996346142897,156.33150815963745,37.55029821395874
