Iteration No.,Objective,Segmentation,Absolute Error,Relative Error,Total Violation,State Violation,Control Violation,Obstacles Violation,Total Time,Iter. Time
7,29.309256193913217,[33],0.009217988069100541,2.9070329845278606,0.008639563439460608,0.0008531734572993677,0.0014969558340829341,0.0062894341480783066,205.38982224464417,54.26792526245117
