Iteration No.,Objective,Segmentation,Absolute Error,Relative Error,Total Violation,State Violation,Control Violation,Obstacles Violation,Total Time,Iter. Time
8,41.28395833661052,[36],0.007575753040560751,3.1337511208483684,0.0045395912686593525,0.0014449078285246545,0.0009042624760389556,0.002190420964095742,155.84208941459656,31.086483478546143
