Iteration No.,Objective,Segmentation,Absolute Error,Relative Error,Total Violation,State Violation,Control Violation,Obstacles Violation,Total Time,Iter. Time
3,17.880664600554095,[21],0.009907775413471891,2.5306767933908714,0.016389935369684586,9.787639859467743e-05,0.0029828695297947146,0.013309189441295194,33.05067253112793,16.923609256744385
