Iteration No.,Objective,Segmentation,Absolute Error,Relative Error,Total Violation,State Violation,Control Violation,Obstacles Violation,Total Time,Iter. Time
6,42.66989554172689,[15 15 15 15 15 15 15 15 15],0.00801166159895141,3.3665844941916605,0.02474024725631956,0.006772048480982391,6.374031988969097e-05,0.017904458455447476,696.5413188934326,259.13467717170715
