Iteration No.,Objective,Segmentation,Absolute Error,Relative Error,Total Violation,State Violation,Control Violation,Obstacles Violation,Total Time,Iter. Time
1,25.916799872889996,[15 15 15 15],0.005169414780941407,3.2105126910720374,0.004973243444421978,0.00019346651378177607,0.001089555906451702,0.0036902210241884998,116.96093010902405,116.26447677612305
