Iteration No.,Objective,Segmentation,Absolute Error,Relative Error,Total Violation,State Violation,Control Violation,Obstacles Violation,Total Time,Iter. Time
2,30.345836632815182,[15 15 15],0.004825264141089671,2.7467891240325515,0.02052049663321165,0.0022282502533247494,0.0004984776164690207,0.01779376876341788,58.803383111953735,47.32901072502136
