Iteration No.,Objective,Segmentation,Absolute Error,Relative Error,Total Violation,State Violation,Control Violation,Obstacles Violation,Total Time,Iter. Time
3,28.241639496454248,[15 15 15 15 15 15 15 15 18],0.0038060071303392647,4.569062271630767,0.014637900376525825,0.0007179699676288465,0.0001755483254396422,0.013744382083457336,972.1409637928009,733.2617478370667
