Iteration No.,Objective,Segmentation,Absolute Error,Relative Error,Total Violation,State Violation,Control Violation,Obstacles Violation,Total Time,Iter. Time
1,14.922154922061601,[15 15],0.002957260531791196,3.3957677153106562,0.03903694361933102,6.581376903537541e-05,3.151061628283779e-05,0.03893961923401281,37.944117307662964,37.37325072288513
