Iteration No.,Objective,Segmentation,Absolute Error,Relative Error,Total Violation,State Violation,Control Violation,Obstacles Violation,Total Time,Iter. Time
2,24.23294992378419,[18],0.006293967299730225,2.1050711837369622,0.016758785659014376,4.76890887721409e-05,0.00045067731756619195,0.016260419252676045,30.20464062690735,15.815637350082397
