Iteration No.,Objective,Segmentation,Absolute Error,Relative Error,Total Violation,State Violation,Control Violation,Obstacles Violation,Total Time,Iter. Time
3,17.582211566666217,[15 15 18 15 15 15 15],0.004660640747830243,2.9876002280428513,0.015341963883005141,0.005260941071771256,0.0,0.010081022811233884,346.0728769302368,164.63618922233582
