Iteration No.,Objective,Segmentation,Absolute Error,Relative Error,Total Violation,State Violation,Control Violation,Obstacles Violation,Total Time,Iter. Time
2,29.427993486084965,[15 15 15],0.004475027445536044,2.977599745612423,0.02317436415225227,0.00442949859283115,0.0006684941996036978,0.018076371359817423,68.59898591041565,55.63677215576172
