Iteration No.,Objective,Segmentation,Absolute Error,Relative Error,Total Violation,State Violation,Control Violation,Obstacles Violation,Total Time,Iter. Time
3,15.979595116429126,[15 15 15 15 15 15 15 15],0.0015640097791589736,2.695734706074133,0.0060983953682188985,0.0026073180019831528,0.0,0.0034910773662357457,503.445848941803,429.815141916275
