Iteration No.,Objective,Segmentation,Absolute Error,Relative Error,Total Violation,State Violation,Control Violation,Obstacles Violation,Total Time,Iter. Time
2,30.201791083852783,[15 15 15],0.004124037824770161,2.965473850257333,0.021807304866550074,0.004177031912568635,0.0002139432562821952,0.017416329697699243,71.49610257148743,59.012277126312256
