Iteration No.,Objective,Segmentation,Absolute Error,Relative Error,Total Violation,State Violation,Control Violation,Obstacles Violation,Total Time,Iter. Time
4,17.254960735557137,[24],0.004835908831753692,2.807289995219846,0.011852634696649189,0.00044506233490770875,0.0,0.01140757236174148,64.38829588890076,18.705739498138428
