Iteration No.,Objective,Segmentation,Absolute Error,Relative Error,Total Violation,State Violation,Control Violation,Obstacles Violation,Total Time,Iter. Time
2,56.241606868010685,[15 15 15 15 15 15 18],0.007946753025280175,3.5565728552389952,0.005215137173639272,0.000691465894143088,0.0,0.004523671279496184,420.2377939224243,259.3002347946167
