Iteration No.,Objective,Segmentation,Absolute Error,Relative Error,Total Violation,State Violation,Control Violation,Obstacles Violation,Total Time,Iter. Time
4,30.776151718540458,[15 15 15 15 15 15],0.002014598017590309,3.894579615981841,0.02609155154807178,0.0036664135365192824,0.00018939483849181465,0.022235743173060683,287.3771662712097,186.62481713294983
