Iteration No.,Objective,Segmentation,Absolute Error,Relative Error,Total Violation,State Violation,Control Violation,Obstacles Violation,Total Time,Iter. Time
3,17.002865031843495,[15 15 15 15 15 15],0.0011677783732340422,3.49568538699238,0.0028327463011740086,0.0017886272933597075,0.0,0.0010441190078143011,299.4576847553253,224.90101885795593
