Iteration No.,Objective,Segmentation,Absolute Error,Relative Error,Total Violation,State Violation,Control Violation,Obstacles Violation,Total Time,Iter. Time
3,17.132037660347237,[18 15 15 15 15 18],0.007614122020323457,3.896276776611946,0.008604533367445634,1.4417382055070116e-11,0.0021709647915071407,0.006433568561521111,592.4003767967224,295.54422187805176
