Iteration No.,Objective,Segmentation,Absolute Error,Relative Error,Total Violation,State Violation,Control Violation,Obstacles Violation,Total Time,Iter. Time
7,29.96529201941216,[15 15 15 15 15 15 15 15],0.004372734921166412,2.6559641169683816,0.013400962808455423,0.0016478055614128969,4.184135639451483e-05,0.011711315890648012,476.32360100746155,234.58058857917786
