Iteration No.,Objective,Segmentation,Absolute Error,Relative Error,Total Violation,State Violation,Control Violation,Obstacles Violation,Total Time,Iter. Time
3,13.808264709759234,[15 15 15 15 15 15 15 15 21],0.004153211805124936,12.316539465837488,0.012164228894655751,0.00019298674060093228,3.294614235408866e-05,0.01193829601170073,1663.7867422103882,517.517550945282
