Iteration No.,Objective,Segmentation,Absolute Error,Relative Error,Total Violation,State Violation,Control Violation,Obstacles Violation,Total Time,Iter. Time
8,28.772063855324422,[36],0.0034312718160450168,2.5289259360458898,0.005743119935951143,0.0020471019026553107,7.636046832955548e-05,0.003619657564966277,163.239848613739,41.03636074066162
