Iteration No.,Objective,Segmentation,Absolute Error,Relative Error,Total Violation,State Violation,Control Violation,Obstacles Violation,Total Time,Iter. Time
9,30.341160510199,[39],0.008828451554466274,2.669452000651243,0.002987890945731257,3.422506159417511e-08,0.000427449047304896,0.002560407673364767,271.7280623912811,51.810582399368286
