Iteration No.,Objective,Segmentation,Absolute Error,Relative Error,Total Violation,State Violation,Control Violation,Obstacles Violation,Total Time,Iter. Time
2,34.16577496807035,[18],0.008335475065162624,2.935874709978189,0.013819762724865445,6.663982488760005e-10,0.006038874665735251,0.007780887392731944,24.00365900993347,13.223926544189453
