Iteration No.,Objective,Segmentation,Absolute Error,Relative Error,Total Violation,State Violation,Control Violation,Obstacles Violation,Total Time,Iter. Time
4,22.334269891101176,[15 15 15 15 15 15 15],0.002566385554211704,2.625181811524472,0.004192611475165261,0.0001227346055458561,3.1876020907659045e-05,0.004038000848711746,808.549309015274,260.0727701187134
