Iteration No.,Objective,Segmentation,Absolute Error,Relative Error,Total Violation,State Violation,Control Violation,Obstacles Violation,Total Time,Iter. Time
2,24.45577515744334,[15 15 15 15 18],0.009371492669672209,3.4737390918241093,0.01493363470746154,0.005675578022851279,1.1588510579578964e-07,0.009257940799504465,338.7234308719635,295.6142578125
