Iteration No.,Objective,Segmentation,Absolute Error,Relative Error,Total Violation,State Violation,Control Violation,Obstacles Violation,Total Time,Iter. Time
5,15.025569717169244,[18 18 15 15],0.001424746864923249,4.183982810556554,0.010795123131496323,0.0023034856876945325,2.3226464838099636e-06,0.00848931479731798,407.64108967781067,156.29184889793396
