Iteration No.,Objective,Segmentation,Absolute Error,Relative Error,Total Violation,State Violation,Control Violation,Obstacles Violation,Total Time,Iter. Time
14,27.61988147294402,"[15 15 15 15 15 15 15 15 15 15 15 15 15 15 15 15 15 15 15 15 15 15 15 15
 15 15 15 15 18 15 15 15]",0.009484918660611092,5.282709730295799,0.008143214266563217,0.0031937510439781166,7.340961846182065e-06,0.0049421222607389185,5012.013064861298,682.7943966388702
