Iteration No.,Objective,Segmentation,Absolute Error,Relative Error,Total Violation,State Violation,Control Violation,Obstacles Violation,Total Time,Iter. Time
3,30.97887359903671,[15 15 15 15 15],0.007779637682832349,3.1959977868664557,0.02413567503808972,0.002858809538310008,0.00021144375924435585,0.021065421740535356,167.65856862068176,115.9181489944458
