Iteration No.,Objective,Segmentation,Absolute Error,Relative Error,Total Violation,State Violation,Control Violation,Obstacles Violation,Total Time,Iter. Time
2,19.906748452684752,[15 15 15 15],0.009665961264419617,3.0273240412419966,0.0035818701670508584,1.0416152860094628e-05,0.0015280253246220377,0.0020434286895687262,88.7946674823761,77.80924129486084
