Iteration No.,Objective,Segmentation,Absolute Error,Relative Error,Total Violation,State Violation,Control Violation,Obstacles Violation,Total Time,Iter. Time
16,41.43949287765816,"[15 15 15 15 15 15 15 15 15 15 15 15 15 15 15 15 15 15 15 15 15 15 15 15
 15 15 15 15 15 15 15 15 15 15]",0.005611310858380873,4.214756638339663,0.028841936013229784,0.005594554630373205,6.378643114206006e-05,0.023183594951714518,8071.609507799149,838.9276027679443
