Iteration No.,Objective,Segmentation,Absolute Error,Relative Error,Total Violation,State Violation,Control Violation,Obstacles Violation,Total Time,Iter. Time
4,27.249798418104966,[15 15 15 15 18 15 18 18],0.00800668696841192,3.143832594019485,0.0144758662453902,0.0007124739602788657,8.499640059141163e-05,0.013678395884519922,930.221776008606,313.72495102882385
