Iteration No.,Objective,Segmentation,Absolute Error,Relative Error,Total Violation,State Violation,Control Violation,Obstacles Violation,Total Time,Iter. Time
4,40.72025628718663,[15 15 15 15 15 15 15 15 15],0.00729272253470542,2.9344260682362107,0.0209785453618797,0.006533398137056982,0.0001748133979033804,0.014270333826919338,504.4185211658478,269.19530749320984
