Iteration No.,Objective,Segmentation,Absolute Error,Relative Error,Total Violation,State Violation,Control Violation,Obstacles Violation,Total Time,Iter. Time
1,37.78265626823005,[15 15],0.005152911985106813,3.6166791968461918,0.1399558396250562,0.017575193333924374,0.0001253780706283577,0.12225526822050348,25.16640591621399,24.81502389907837
