Iteration No.,Objective,Segmentation,Absolute Error,Relative Error,Total Violation,State Violation,Control Violation,Obstacles Violation,Total Time,Iter. Time
1,27.158252134444414,[15 15 15 15],0.004196591302936388,2.803020754450685,0.019993575141833482,5.0212981954170855e-05,8.778456167616858e-06,0.019934583703711695,148.76353931427002,147.8920590877533
