Iteration No.,Objective,Segmentation,Absolute Error,Relative Error,Total Violation,State Violation,Control Violation,Obstacles Violation,Total Time,Iter. Time
2,26.86747277996262,[18 15 15 15],0.0019190352220873929,2.2267200803889797,0.008926340760222515,6.787903410284288e-05,6.837525670228779e-05,0.008790086469417384,207.39634323120117,102.06471419334412
