Iteration No.,Objective,Segmentation,Absolute Error,Relative Error,Total Violation,State Violation,Control Violation,Obstacles Violation,Total Time,Iter. Time
3,32.445807492552724,[15 15 15 15 15 15],0.003270434866666033,2.7600609956895155,0.022972920854488918,0.003022056110576522,0.00016175999392290875,0.019789104749989486,233.14871835708618,170.38907718658447
