Iteration No.,Objective,Segmentation,Absolute Error,Relative Error,Total Violation,State Violation,Control Violation,Obstacles Violation,Total Time,Iter. Time
9,20.641663340583694,[15 15 15 15 15 15 15 15 15 15 15 15 15 15 15 15 15 15 15],0.0002905086903803169,3.4641820847958424,0.0024050289161059025,1.393855415921571e-10,0.0,0.002405028776720361,2166.0839817523956,421.6768774986267
