Iteration No.,Objective,Segmentation,Absolute Error,Relative Error,Total Violation,State Violation,Control Violation,Obstacles Violation,Total Time,Iter. Time
3,44.10697992469649,[15 15 15 15 15 15 15 15],0.007366718285797268,4.492856400185881,0.024443095721386893,0.0038404454941223156,5.7630444442054586e-05,0.020545019782822523,351.9492874145508,199.60516095161438
